{
  "k0": 0.006470151052367645,
  "k1": -0.0672275207773596,
  "k2": -0.23778688128440217,
  "k3": -0.16790433853569298,
  "k4": -0.9353955661909483,
  "k5": -0.28528668335694596,
  "k6": -0.3578965241221932
}