{
  "k0": 0.0021059961782934067,
  "k1": 0.44433344873154473,
  "k2": -0.14234609654007624,
  "k3": -0.5724281691525227,
  "k4": 0.8592797561308441,
  "k5": -0.09234783883367165,
  "k6": 0.6764019020447799
}