{
  "theta1": 0.021439164504523933,
  "theta_c": 0.8074617973646819,
  "theta_l": -0.057387211425558,
  "theta_r": -0.43087672642539454,
  "theta_m": -0.28112856332743796,
  "theta_cl": -0.6039876292438946,
  "theta_cr": -0.32475689767283983,
  "theta_cm": -0.3338994334812109
}