{
  "k0": 0.41838103728275944,
  "k1": 0.21739924781551057,
  "k2": -0.37981516331415244,
  "k3": -0.5072557493608242,
  "k4": -0.10588040550218425,
  "k5": -0.48784574577297035,
  "k6": 0.5225821283032723
}