{
  "k0": -0.0027572476516729283,
  "k1": -1.0292941770807038,
  "k2": -0.9459339215355906,
  "k3": 0.10009012984140928,
  "k4": -0.007247480945904883,
  "k5": 0.10709379402361496,
  "k6": -0.826759824371347
}