{
  "k0": -0.0036806556484464403,
  "k1": 0.2897511339178729,
  "k2": -0.23400063714180958,
  "k3": -0.5106964775924047,
  "k4": -0.7471741836462454,
  "k5": -0.21991171542329405,
  "k6": -0.4725418550641313
}