{
  "k0": 0.0480091383858926,
  "k1": 0.3431784952092254,
  "k2": -0.5152442621010467,
  "k3": -0.15734867621174553,
  "k4": -0.6808950723969488,
  "k5": -0.2235876283896634,
  "k6": -0.10507724219726416
}