{
  "k0": -0.008804786484588132,
  "k1": -0.41060998234050455,
  "k2": -0.36648166877390637,
  "k3": 0.0505864408856124,
  "k4": 0.1915463514549488,
  "k5": 0.2562813587987852,
  "k6": 0.8329783333153459
}