{
  "k0": -0.5155176179813129,
  "k1": 0.447656386230203,
  "k2": -0.18852740221711475,
  "k3": -0.10115327467098349,
  "k4": -0.3570495585036849,
  "k5": 0.7433254251844883,
  "k6": -0.2662120884995599
}