{
  "k0": -0.34250444145853787,
  "k1": 0.06970510083869086,
  "k2": -0.626626802924829,
  "k3": 0.2470070697362231,
  "k4": -0.6548122780803439,
  "k5": -0.13883596706651347,
  "k6": 0.28037089586686936
}