{
  "k0": 0.451242380869904,
  "k1": -0.011130275463762773,
  "k2": -0.6771266409589196,
  "k3": -0.14139005515171332,
  "k4": 0.42425613454373745,
  "k5": -0.05771482023134622,
  "k6": 0.5642289877710376
}