{
  "k0": 0.43891109464916167,
  "k1": 0.08568322375034298,
  "k2": -0.44006158940622747,
  "k3": 0.20416718245884197,
  "k4": 0.09665081493284922,
  "k5": 0.4018812140851815,
  "k6": 0.5344733944310094
}